,CPU_count,CPU_vendor_id,CPU_GHz,core_architecture,memory_available_B,swap_free_B,os,model_name,nb_samples,nb_preds
0,4,GenuineIntel,2.9,x86_64,2339643392,1176240128,Darwin,ARDRegression,20,20
1,4,GenuineIntel,2.9,x86_64,2339643392,1176240128,Darwin,ARDRegression,500,20
2,4,GenuineIntel,2.9,x86_64,2339643392,1176240128,Darwin,ARDRegression,500,500
3,4,GenuineIntel,2.9,x86_64,2339643392,1176240128,Darwin,ARDRegression,2000,20
4,4,GenuineIntel,2.9,x86_64,2339643392,1176240128,Darwin,ARDRegression,2000,500
5,4,GenuineIntel,2.9,x86_64,2339643392,1176240128,Darwin,ARDRegression,2000,2000
6,4,GenuineIntel,2.9,x86_64,2339643392,1176240128,Darwin,BayesianRidge,20,20
7,4,GenuineIntel,2.9,x86_64,2339643392,1176240128,Darwin,BayesianRidge,500,20
8,4,GenuineIntel,2.9,x86_64,2339643392,1176240128,Darwin,BayesianRidge,500,500
9,4,GenuineIntel,2.9,x86_64,2339643392,1176240128,Darwin,BayesianRidge,2000,20
10,4,GenuineIntel,2.9,x86_64,2339643392,1176240128,Darwin,BayesianRidge,2000,500
11,4,GenuineIntel,2.9,x86_64,2339643392,1176240128,Darwin,BayesianRidge,2000,2000
12,4,GenuineIntel,2.9,x86_64,2339643392,1176240128,Darwin,ElasticNet,20,20
13,4,GenuineIntel,2.9,x86_64,2339643392,1176240128,Darwin,ElasticNet,500,20
14,4,GenuineIntel,2.9,x86_64,2339643392,1176240128,Darwin,ElasticNet,500,500
15,4,GenuineIntel,2.9,x86_64,2339643392,1176240128,Darwin,ElasticNet,2000,20
16,4,GenuineIntel,2.9,x86_64,2339643392,1176240128,Darwin,ElasticNet,2000,500
17,4,GenuineIntel,2.9,x86_64,2339643392,1176240128,Darwin,ElasticNet,2000,2000
18,4,GenuineIntel,2.9,x86_64,2339643392,1176240128,Darwin,ElasticNetCV,20,20
19,4,GenuineIntel,2.9,x86_64,2339643392,1176240128,Darwin,ElasticNetCV,500,20
20,4,GenuineIntel,2.9,x86_64,2339643392,1176240128,Darwin,ElasticNetCV,500,500
21,4,GenuineIntel,2.9,x86_64,2339643392,1176240128,Darwin,ElasticNetCV,2000,20
22,4,GenuineIntel,2.9,x86_64,2339643392,1176240128,Darwin,ElasticNetCV,2000,500
23,4,GenuineIntel,2.9,x86_64,2339643392,1176240128,Darwin,ElasticNetCV,2000,2000
24,4,GenuineIntel,2.9,x86_64,2339643392,1176240128,Darwin,GammaRegressor,20,20
25,4,GenuineIntel,2.9,x86_64,2339643392,1176240128,Darwin,GammaRegressor,500,20
26,4,GenuineIntel,2.9,x86_64,2339643392,1176240128,Darwin,GammaRegressor,500,500
27,4,GenuineIntel,2.9,x86_64,2339643392,1176240128,Darwin,GammaRegressor,2000,20
28,4,GenuineIntel,2.9,x86_64,2339643392,1176240128,Darwin,GammaRegressor,2000,500
29,4,GenuineIntel,2.9,x86_64,2339643392,1176240128,Darwin,GammaRegressor,2000,2000
30,4,GenuineIntel,2.9,x86_64,2339643392,1176240128,Darwin,Hinge,20,20
31,4,GenuineIntel,2.9,x86_64,2339643392,1176240128,Darwin,Hinge,500,20
32,4,GenuineIntel,2.9,x86_64,2339643392,1176240128,Darwin,Hinge,500,500
33,4,GenuineIntel,2.9,x86_64,2339643392,1176240128,Darwin,Hinge,2000,20
34,4,GenuineIntel,2.9,x86_64,2339643392,1176240128,Darwin,Hinge,2000,500
35,4,GenuineIntel,2.9,x86_64,2339643392,1176240128,Darwin,Hinge,2000,2000
36,4,GenuineIntel,2.9,x86_64,2339643392,1176240128,Darwin,Huber,20,20
37,4,GenuineIntel,2.9,x86_64,2339643392,1176240128,Darwin,Huber,500,20
38,4,GenuineIntel,2.9,x86_64,2339643392,1176240128,Darwin,Huber,500,500
39,4,GenuineIntel,2.9,x86_64,2339643392,1176240128,Darwin,Huber,2000,20
40,4,GenuineIntel,2.9,x86_64,2339643392,1176240128,Darwin,Huber,2000,500
41,4,GenuineIntel,2.9,x86_64,2339643392,1176240128,Darwin,Huber,2000,2000
42,4,GenuineIntel,2.9,x86_64,2339643392,1176240128,Darwin,HuberRegressor,20,20
43,4,GenuineIntel,2.9,x86_64,2339643392,1176240128,Darwin,HuberRegressor,500,20
44,4,GenuineIntel,2.9,x86_64,2339643392,1176240128,Darwin,HuberRegressor,500,500
45,4,GenuineIntel,2.9,x86_64,2339643392,1176240128,Darwin,HuberRegressor,2000,20
46,4,GenuineIntel,2.9,x86_64,2339643392,1176240128,Darwin,HuberRegressor,2000,500
47,4,GenuineIntel,2.9,x86_64,2339643392,1176240128,Darwin,HuberRegressor,2000,2000
48,4,GenuineIntel,2.9,x86_64,2339643392,1176240128,Darwin,Lars,20,20
49,4,GenuineIntel,2.9,x86_64,2339643392,1176240128,Darwin,Lars,500,20
50,4,GenuineIntel,2.9,x86_64,2339643392,1176240128,Darwin,Lars,500,500
51,4,GenuineIntel,2.9,x86_64,2339643392,1176240128,Darwin,Lars,2000,20
52,4,GenuineIntel,2.9,x86_64,2339643392,1176240128,Darwin,Lars,2000,500
53,4,GenuineIntel,2.9,x86_64,2339643392,1176240128,Darwin,Lars,2000,2000
54,4,GenuineIntel,2.9,x86_64,2339643392,1176240128,Darwin,LarsCV,20,20
55,4,GenuineIntel,2.9,x86_64,2339643392,1176240128,Darwin,LarsCV,500,20
56,4,GenuineIntel,2.9,x86_64,2339643392,1176240128,Darwin,LarsCV,500,500
57,4,GenuineIntel,2.9,x86_64,2339643392,1176240128,Darwin,LarsCV,2000,20
58,4,GenuineIntel,2.9,x86_64,2339643392,1176240128,Darwin,LarsCV,2000,500
59,4,GenuineIntel,2.9,x86_64,2339643392,1176240128,Darwin,LarsCV,2000,2000
60,4,GenuineIntel,2.9,x86_64,2339643392,1176240128,Darwin,Lasso,20,20
61,4,GenuineIntel,2.9,x86_64,2339643392,1176240128,Darwin,Lasso,500,20
62,4,GenuineIntel,2.9,x86_64,2339643392,1176240128,Darwin,Lasso,500,500
63,4,GenuineIntel,2.9,x86_64,2339643392,1176240128,Darwin,Lasso,2000,20
64,4,GenuineIntel,2.9,x86_64,2339643392,1176240128,Darwin,Lasso,2000,500
65,4,GenuineIntel,2.9,x86_64,2339643392,1176240128,Darwin,Lasso,2000,2000
66,4,GenuineIntel,2.9,x86_64,2339643392,1176240128,Darwin,LassoCV,20,20
67,4,GenuineIntel,2.9,x86_64,2339643392,1176240128,Darwin,LassoCV,500,20
68,4,GenuineIntel,2.9,x86_64,2339643392,1176240128,Darwin,LassoCV,500,500
69,4,GenuineIntel,2.9,x86_64,2339643392,1176240128,Darwin,LassoCV,2000,20
70,4,GenuineIntel,2.9,x86_64,2339643392,1176240128,Darwin,LassoCV,2000,500
71,4,GenuineIntel,2.9,x86_64,2339643392,1176240128,Darwin,LassoCV,2000,2000
72,4,GenuineIntel,2.9,x86_64,2339643392,1176240128,Darwin,LassoLars,20,20
73,4,GenuineIntel,2.9,x86_64,2339643392,1176240128,Darwin,LassoLars,500,20
74,4,GenuineIntel,2.9,x86_64,2339643392,1176240128,Darwin,LassoLars,500,500
75,4,GenuineIntel,2.9,x86_64,2339643392,1176240128,Darwin,LassoLars,2000,20
76,4,GenuineIntel,2.9,x86_64,2339643392,1176240128,Darwin,LassoLars,2000,500
77,4,GenuineIntel,2.9,x86_64,2339643392,1176240128,Darwin,LassoLars,2000,2000
78,4,GenuineIntel,2.9,x86_64,2339643392,1176240128,Darwin,LassoLarsCV,20,20
79,4,GenuineIntel,2.9,x86_64,2339643392,1176240128,Darwin,LassoLarsCV,500,20
80,4,GenuineIntel,2.9,x86_64,2339643392,1176240128,Darwin,LassoLarsCV,500,500
81,4,GenuineIntel,2.9,x86_64,2339643392,1176240128,Darwin,LassoLarsCV,2000,20
82,4,GenuineIntel,2.9,x86_64,2339643392,1176240128,Darwin,LassoLarsCV,2000,500
83,4,GenuineIntel,2.9,x86_64,2339643392,1176240128,Darwin,LassoLarsCV,2000,2000
84,4,GenuineIntel,2.9,x86_64,2339643392,1176240128,Darwin,LassoLarsIC,20,20
85,4,GenuineIntel,2.9,x86_64,2339643392,1176240128,Darwin,LassoLarsIC,500,20
86,4,GenuineIntel,2.9,x86_64,2339643392,1176240128,Darwin,LassoLarsIC,500,500
87,4,GenuineIntel,2.9,x86_64,2339643392,1176240128,Darwin,LassoLarsIC,2000,20
88,4,GenuineIntel,2.9,x86_64,2339643392,1176240128,Darwin,LassoLarsIC,2000,500
89,4,GenuineIntel,2.9,x86_64,2339643392,1176240128,Darwin,LassoLarsIC,2000,2000
90,4,GenuineIntel,2.9,x86_64,2339643392,1176240128,Darwin,LinearRegression,20,20
91,4,GenuineIntel,2.9,x86_64,2339643392,1176240128,Darwin,LinearRegression,500,20
92,4,GenuineIntel,2.9,x86_64,2339643392,1176240128,Darwin,LinearRegression,500,500
93,4,GenuineIntel,2.9,x86_64,2339643392,1176240128,Darwin,LinearRegression,2000,20
94,4,GenuineIntel,2.9,x86_64,2339643392,1176240128,Darwin,LinearRegression,2000,500
95,4,GenuineIntel,2.9,x86_64,2339643392,1176240128,Darwin,LinearRegression,2000,2000
96,4,GenuineIntel,2.9,x86_64,2339643392,1176240128,Darwin,Log,20,20
97,4,GenuineIntel,2.9,x86_64,2339643392,1176240128,Darwin,Log,500,20
98,4,GenuineIntel,2.9,x86_64,2339643392,1176240128,Darwin,Log,500,500
99,4,GenuineIntel,2.9,x86_64,2339643392,1176240128,Darwin,Log,2000,20
100,4,GenuineIntel,2.9,x86_64,2339643392,1176240128,Darwin,Log,2000,500
101,4,GenuineIntel,2.9,x86_64,2339643392,1176240128,Darwin,Log,2000,2000
102,4,GenuineIntel,2.9,x86_64,2339643392,1176240128,Darwin,LogisticRegression,20,20
103,4,GenuineIntel,2.9,x86_64,2339643392,1176240128,Darwin,LogisticRegression,500,20
104,4,GenuineIntel,2.9,x86_64,2339643392,1176240128,Darwin,LogisticRegression,500,500
105,4,GenuineIntel,2.9,x86_64,2339643392,1176240128,Darwin,LogisticRegression,2000,20
106,4,GenuineIntel,2.9,x86_64,2339643392,1176240128,Darwin,LogisticRegression,2000,500
107,4,GenuineIntel,2.9,x86_64,2339643392,1176240128,Darwin,LogisticRegression,2000,2000
108,4,GenuineIntel,2.9,x86_64,2339643392,1176240128,Darwin,LogisticRegressionCV,20,20
109,4,GenuineIntel,2.9,x86_64,2339643392,1176240128,Darwin,LogisticRegressionCV,500,20
110,4,GenuineIntel,2.9,x86_64,2339643392,1176240128,Darwin,LogisticRegressionCV,500,500
111,4,GenuineIntel,2.9,x86_64,2339643392,1176240128,Darwin,LogisticRegressionCV,2000,20
112,4,GenuineIntel,2.9,x86_64,2339643392,1176240128,Darwin,LogisticRegressionCV,2000,500
113,4,GenuineIntel,2.9,x86_64,2339643392,1176240128,Darwin,LogisticRegressionCV,2000,2000
114,4,GenuineIntel,2.9,x86_64,2339643392,1176240128,Darwin,ModifiedHuber,20,20
115,4,GenuineIntel,2.9,x86_64,2339643392,1176240128,Darwin,ModifiedHuber,500,20
116,4,GenuineIntel,2.9,x86_64,2339643392,1176240128,Darwin,ModifiedHuber,500,500
117,4,GenuineIntel,2.9,x86_64,2339643392,1176240128,Darwin,ModifiedHuber,2000,20
118,4,GenuineIntel,2.9,x86_64,2339643392,1176240128,Darwin,ModifiedHuber,2000,500
119,4,GenuineIntel,2.9,x86_64,2339643392,1176240128,Darwin,ModifiedHuber,2000,2000
120,4,GenuineIntel,2.9,x86_64,2339643392,1176240128,Darwin,MultiTaskElasticNet,20,20
121,4,GenuineIntel,2.9,x86_64,2339643392,1176240128,Darwin,MultiTaskElasticNet,500,20
122,4,GenuineIntel,2.9,x86_64,2339643392,1176240128,Darwin,MultiTaskElasticNet,500,500
123,4,GenuineIntel,2.9,x86_64,2339643392,1176240128,Darwin,MultiTaskElasticNet,2000,20
124,4,GenuineIntel,2.9,x86_64,2339643392,1176240128,Darwin,MultiTaskElasticNet,2000,500
125,4,GenuineIntel,2.9,x86_64,2339643392,1176240128,Darwin,MultiTaskElasticNet,2000,2000
126,4,GenuineIntel,2.9,x86_64,2339643392,1176240128,Darwin,MultiTaskElasticNetCV,20,20
127,4,GenuineIntel,2.9,x86_64,2339643392,1176240128,Darwin,MultiTaskElasticNetCV,500,20
128,4,GenuineIntel,2.9,x86_64,2339643392,1176240128,Darwin,MultiTaskElasticNetCV,500,500
129,4,GenuineIntel,2.9,x86_64,2339643392,1176240128,Darwin,MultiTaskElasticNetCV,2000,20
130,4,GenuineIntel,2.9,x86_64,2339643392,1176240128,Darwin,MultiTaskElasticNetCV,2000,500
131,4,GenuineIntel,2.9,x86_64,2339643392,1176240128,Darwin,MultiTaskElasticNetCV,2000,2000
132,4,GenuineIntel,2.9,x86_64,2339643392,1176240128,Darwin,MultiTaskLasso,20,20
133,4,GenuineIntel,2.9,x86_64,2339643392,1176240128,Darwin,MultiTaskLasso,500,20
134,4,GenuineIntel,2.9,x86_64,2339643392,1176240128,Darwin,MultiTaskLasso,500,500
135,4,GenuineIntel,2.9,x86_64,2339643392,1176240128,Darwin,MultiTaskLasso,2000,20
136,4,GenuineIntel,2.9,x86_64,2339643392,1176240128,Darwin,MultiTaskLasso,2000,500
137,4,GenuineIntel,2.9,x86_64,2339643392,1176240128,Darwin,MultiTaskLasso,2000,2000
138,4,GenuineIntel,2.9,x86_64,2339643392,1176240128,Darwin,MultiTaskLassoCV,20,20
139,4,GenuineIntel,2.9,x86_64,2339643392,1176240128,Darwin,MultiTaskLassoCV,500,20
140,4,GenuineIntel,2.9,x86_64,2339643392,1176240128,Darwin,MultiTaskLassoCV,500,500
141,4,GenuineIntel,2.9,x86_64,2339643392,1176240128,Darwin,MultiTaskLassoCV,2000,20
142,4,GenuineIntel,2.9,x86_64,2339643392,1176240128,Darwin,MultiTaskLassoCV,2000,500
143,4,GenuineIntel,2.9,x86_64,2339643392,1176240128,Darwin,MultiTaskLassoCV,2000,2000
144,4,GenuineIntel,2.9,x86_64,2339643392,1176240128,Darwin,OrthogonalMatchingPursuit,20,20
145,4,GenuineIntel,2.9,x86_64,2339643392,1176240128,Darwin,OrthogonalMatchingPursuit,500,20
146,4,GenuineIntel,2.9,x86_64,2339643392,1176240128,Darwin,OrthogonalMatchingPursuit,500,500
147,4,GenuineIntel,2.9,x86_64,2339643392,1176240128,Darwin,OrthogonalMatchingPursuit,2000,20
148,4,GenuineIntel,2.9,x86_64,2339643392,1176240128,Darwin,OrthogonalMatchingPursuit,2000,500
149,4,GenuineIntel,2.9,x86_64,2339643392,1176240128,Darwin,OrthogonalMatchingPursuit,2000,2000
150,4,GenuineIntel,2.9,x86_64,2339643392,1176240128,Darwin,OrthogonalMatchingPursuitCV,20,20
151,4,GenuineIntel,2.9,x86_64,2339643392,1176240128,Darwin,OrthogonalMatchingPursuitCV,500,20
152,4,GenuineIntel,2.9,x86_64,2339643392,1176240128,Darwin,OrthogonalMatchingPursuitCV,500,500
153,4,GenuineIntel,2.9,x86_64,2339643392,1176240128,Darwin,OrthogonalMatchingPursuitCV,2000,20
154,4,GenuineIntel,2.9,x86_64,2339643392,1176240128,Darwin,OrthogonalMatchingPursuitCV,2000,500
155,4,GenuineIntel,2.9,x86_64,2339643392,1176240128,Darwin,OrthogonalMatchingPursuitCV,2000,2000
156,4,GenuineIntel,2.9,x86_64,2339643392,1176240128,Darwin,PassiveAggressiveClassifier,20,20
157,4,GenuineIntel,2.9,x86_64,2339643392,1176240128,Darwin,PassiveAggressiveClassifier,500,20
158,4,GenuineIntel,2.9,x86_64,2339643392,1176240128,Darwin,PassiveAggressiveClassifier,500,500
159,4,GenuineIntel,2.9,x86_64,2339643392,1176240128,Darwin,PassiveAggressiveClassifier,2000,20
160,4,GenuineIntel,2.9,x86_64,2339643392,1176240128,Darwin,PassiveAggressiveClassifier,2000,500
161,4,GenuineIntel,2.9,x86_64,2339643392,1176240128,Darwin,PassiveAggressiveClassifier,2000,2000
162,4,GenuineIntel,2.9,x86_64,2339643392,1176240128,Darwin,PassiveAggressiveRegressor,20,20
163,4,GenuineIntel,2.9,x86_64,2339643392,1176240128,Darwin,PassiveAggressiveRegressor,500,20
164,4,GenuineIntel,2.9,x86_64,2339643392,1176240128,Darwin,PassiveAggressiveRegressor,500,500
165,4,GenuineIntel,2.9,x86_64,2339643392,1176240128,Darwin,PassiveAggressiveRegressor,2000,20
166,4,GenuineIntel,2.9,x86_64,2339643392,1176240128,Darwin,PassiveAggressiveRegressor,2000,500
167,4,GenuineIntel,2.9,x86_64,2339643392,1176240128,Darwin,PassiveAggressiveRegressor,2000,2000
168,4,GenuineIntel,2.9,x86_64,2339643392,1176240128,Darwin,Perceptron,20,20
169,4,GenuineIntel,2.9,x86_64,2339643392,1176240128,Darwin,Perceptron,500,20
170,4,GenuineIntel,2.9,x86_64,2339643392,1176240128,Darwin,Perceptron,500,500
171,4,GenuineIntel,2.9,x86_64,2339643392,1176240128,Darwin,Perceptron,2000,20
172,4,GenuineIntel,2.9,x86_64,2339643392,1176240128,Darwin,Perceptron,2000,500
173,4,GenuineIntel,2.9,x86_64,2339643392,1176240128,Darwin,Perceptron,2000,2000
174,4,GenuineIntel,2.9,x86_64,2339643392,1176240128,Darwin,PoissonRegressor,20,20
175,4,GenuineIntel,2.9,x86_64,2339643392,1176240128,Darwin,PoissonRegressor,500,20
176,4,GenuineIntel,2.9,x86_64,2339643392,1176240128,Darwin,PoissonRegressor,500,500
177,4,GenuineIntel,2.9,x86_64,2339643392,1176240128,Darwin,PoissonRegressor,2000,20
178,4,GenuineIntel,2.9,x86_64,2339643392,1176240128,Darwin,PoissonRegressor,2000,500
179,4,GenuineIntel,2.9,x86_64,2339643392,1176240128,Darwin,PoissonRegressor,2000,2000
180,4,GenuineIntel,2.9,x86_64,2339643392,1176240128,Darwin,QuantileRegressor,20,20
181,4,GenuineIntel,2.9,x86_64,2339643392,1176240128,Darwin,QuantileRegressor,500,20
182,4,GenuineIntel,2.9,x86_64,2339643392,1176240128,Darwin,QuantileRegressor,500,500
183,4,GenuineIntel,2.9,x86_64,2339643392,1176240128,Darwin,QuantileRegressor,2000,20
184,4,GenuineIntel,2.9,x86_64,2339643392,1176240128,Darwin,QuantileRegressor,2000,500
185,4,GenuineIntel,2.9,x86_64,2339643392,1176240128,Darwin,QuantileRegressor,2000,2000
186,4,GenuineIntel,2.9,x86_64,2339643392,1176240128,Darwin,RANSACRegressor,20,20
187,4,GenuineIntel,2.9,x86_64,2339643392,1176240128,Darwin,RANSACRegressor,500,20
188,4,GenuineIntel,2.9,x86_64,2339643392,1176240128,Darwin,RANSACRegressor,500,500
189,4,GenuineIntel,2.9,x86_64,2339643392,1176240128,Darwin,RANSACRegressor,2000,20
190,4,GenuineIntel,2.9,x86_64,2339643392,1176240128,Darwin,RANSACRegressor,2000,500
191,4,GenuineIntel,2.9,x86_64,2339643392,1176240128,Darwin,RANSACRegressor,2000,2000
192,4,GenuineIntel,2.9,x86_64,2339643392,1176240128,Darwin,Ridge,20,20
193,4,GenuineIntel,2.9,x86_64,2339643392,1176240128,Darwin,Ridge,500,20
194,4,GenuineIntel,2.9,x86_64,2339643392,1176240128,Darwin,Ridge,500,500
195,4,GenuineIntel,2.9,x86_64,2339643392,1176240128,Darwin,Ridge,2000,20
196,4,GenuineIntel,2.9,x86_64,2339643392,1176240128,Darwin,Ridge,2000,500
197,4,GenuineIntel,2.9,x86_64,2339643392,1176240128,Darwin,Ridge,2000,2000
198,4,GenuineIntel,2.9,x86_64,2339643392,1176240128,Darwin,RidgeCV,20,20
199,4,GenuineIntel,2.9,x86_64,2339643392,1176240128,Darwin,RidgeCV,500,20
200,4,GenuineIntel,2.9,x86_64,2339643392,1176240128,Darwin,RidgeCV,500,500
201,4,GenuineIntel,2.9,x86_64,2339643392,1176240128,Darwin,RidgeCV,2000,20
202,4,GenuineIntel,2.9,x86_64,2339643392,1176240128,Darwin,RidgeCV,2000,500
203,4,GenuineIntel,2.9,x86_64,2339643392,1176240128,Darwin,RidgeCV,2000,2000
204,4,GenuineIntel,2.9,x86_64,2339643392,1176240128,Darwin,RidgeClassifier,20,20
205,4,GenuineIntel,2.9,x86_64,2339643392,1176240128,Darwin,RidgeClassifier,500,20
206,4,GenuineIntel,2.9,x86_64,2339643392,1176240128,Darwin,RidgeClassifier,500,500
207,4,GenuineIntel,2.9,x86_64,2339643392,1176240128,Darwin,RidgeClassifier,2000,20
208,4,GenuineIntel,2.9,x86_64,2339643392,1176240128,Darwin,RidgeClassifier,2000,500
209,4,GenuineIntel,2.9,x86_64,2339643392,1176240128,Darwin,RidgeClassifier,2000,2000
210,4,GenuineIntel,2.9,x86_64,2339643392,1176240128,Darwin,RidgeClassifierCV,20,20
211,4,GenuineIntel,2.9,x86_64,2339643392,1176240128,Darwin,RidgeClassifierCV,500,20
212,4,GenuineIntel,2.9,x86_64,2339643392,1176240128,Darwin,RidgeClassifierCV,500,500
213,4,GenuineIntel,2.9,x86_64,2339643392,1176240128,Darwin,RidgeClassifierCV,2000,20
214,4,GenuineIntel,2.9,x86_64,2339643392,1176240128,Darwin,RidgeClassifierCV,2000,500
215,4,GenuineIntel,2.9,x86_64,2339643392,1176240128,Darwin,RidgeClassifierCV,2000,2000
216,4,GenuineIntel,2.9,x86_64,2339643392,1176240128,Darwin,SGDClassifier,20,20
217,4,GenuineIntel,2.9,x86_64,2339643392,1176240128,Darwin,SGDClassifier,500,20
218,4,GenuineIntel,2.9,x86_64,2339643392,1176240128,Darwin,SGDClassifier,500,500
219,4,GenuineIntel,2.9,x86_64,2339643392,1176240128,Darwin,SGDClassifier,2000,20
220,4,GenuineIntel,2.9,x86_64,2339643392,1176240128,Darwin,SGDClassifier,2000,500
221,4,GenuineIntel,2.9,x86_64,2339643392,1176240128,Darwin,SGDClassifier,2000,2000
222,4,GenuineIntel,2.9,x86_64,2339643392,1176240128,Darwin,SGDOneClassSVM,20,20
223,4,GenuineIntel,2.9,x86_64,2339643392,1176240128,Darwin,SGDOneClassSVM,500,20
224,4,GenuineIntel,2.9,x86_64,2339643392,1176240128,Darwin,SGDOneClassSVM,500,500
225,4,GenuineIntel,2.9,x86_64,2339643392,1176240128,Darwin,SGDOneClassSVM,2000,20
226,4,GenuineIntel,2.9,x86_64,2339643392,1176240128,Darwin,SGDOneClassSVM,2000,500
227,4,GenuineIntel,2.9,x86_64,2339643392,1176240128,Darwin,SGDOneClassSVM,2000,2000
228,4,GenuineIntel,2.9,x86_64,2339643392,1176240128,Darwin,SGDRegressor,20,20
229,4,GenuineIntel,2.9,x86_64,2339643392,1176240128,Darwin,SGDRegressor,500,20
230,4,GenuineIntel,2.9,x86_64,2339643392,1176240128,Darwin,SGDRegressor,500,500
231,4,GenuineIntel,2.9,x86_64,2339643392,1176240128,Darwin,SGDRegressor,2000,20
232,4,GenuineIntel,2.9,x86_64,2339643392,1176240128,Darwin,SGDRegressor,2000,500
233,4,GenuineIntel,2.9,x86_64,2339643392,1176240128,Darwin,SGDRegressor,2000,2000
234,4,GenuineIntel,2.9,x86_64,2339643392,1176240128,Darwin,SquaredLoss,20,20
235,4,GenuineIntel,2.9,x86_64,2339643392,1176240128,Darwin,SquaredLoss,500,20
236,4,GenuineIntel,2.9,x86_64,2339643392,1176240128,Darwin,SquaredLoss,500,500
237,4,GenuineIntel,2.9,x86_64,2339643392,1176240128,Darwin,SquaredLoss,2000,20
238,4,GenuineIntel,2.9,x86_64,2339643392,1176240128,Darwin,SquaredLoss,2000,500
239,4,GenuineIntel,2.9,x86_64,2339643392,1176240128,Darwin,SquaredLoss,2000,2000
240,4,GenuineIntel,2.9,x86_64,2339643392,1176240128,Darwin,TheilSenRegressor,20,20
241,4,GenuineIntel,2.9,x86_64,2339643392,1176240128,Darwin,TheilSenRegressor,500,20
242,4,GenuineIntel,2.9,x86_64,2339643392,1176240128,Darwin,TheilSenRegressor,500,500
243,4,GenuineIntel,2.9,x86_64,2339643392,1176240128,Darwin,TheilSenRegressor,2000,20
244,4,GenuineIntel,2.9,x86_64,2339643392,1176240128,Darwin,TheilSenRegressor,2000,500
245,4,GenuineIntel,2.9,x86_64,2339643392,1176240128,Darwin,TheilSenRegressor,2000,2000
246,4,GenuineIntel,2.9,x86_64,2339643392,1176240128,Darwin,TweedieRegressor,20,20
247,4,GenuineIntel,2.9,x86_64,2339643392,1176240128,Darwin,TweedieRegressor,500,20
248,4,GenuineIntel,2.9,x86_64,2339643392,1176240128,Darwin,TweedieRegressor,500,500
249,4,GenuineIntel,2.9,x86_64,2339643392,1176240128,Darwin,TweedieRegressor,2000,20
250,4,GenuineIntel,2.9,x86_64,2339643392,1176240128,Darwin,TweedieRegressor,2000,500
251,4,GenuineIntel,2.9,x86_64,2339643392,1176240128,Darwin,TweedieRegressor,2000,2000
252,4,GenuineIntel,2.9,x86_64,2339643392,1176240128,Darwin,__all__,20,20
253,4,GenuineIntel,2.9,x86_64,2339643392,1176240128,Darwin,__all__,500,20
254,4,GenuineIntel,2.9,x86_64,2339643392,1176240128,Darwin,__all__,500,500
255,4,GenuineIntel,2.9,x86_64,2339643392,1176240128,Darwin,__all__,2000,20
256,4,GenuineIntel,2.9,x86_64,2339643392,1176240128,Darwin,__all__,2000,500
257,4,GenuineIntel,2.9,x86_64,2339643392,1176240128,Darwin,__all__,2000,2000
258,4,GenuineIntel,2.9,x86_64,2339643392,1176240128,Darwin,__builtins__,20,20
259,4,GenuineIntel,2.9,x86_64,2339643392,1176240128,Darwin,__builtins__,500,20
260,4,GenuineIntel,2.9,x86_64,2339643392,1176240128,Darwin,__builtins__,500,500
261,4,GenuineIntel,2.9,x86_64,2339643392,1176240128,Darwin,__builtins__,2000,20
262,4,GenuineIntel,2.9,x86_64,2339643392,1176240128,Darwin,__builtins__,2000,500
263,4,GenuineIntel,2.9,x86_64,2339643392,1176240128,Darwin,__builtins__,2000,2000
264,4,GenuineIntel,2.9,x86_64,2339643392,1176240128,Darwin,__cached__,20,20
265,4,GenuineIntel,2.9,x86_64,2339643392,1176240128,Darwin,__cached__,500,20
266,4,GenuineIntel,2.9,x86_64,2339643392,1176240128,Darwin,__cached__,500,500
267,4,GenuineIntel,2.9,x86_64,2339643392,1176240128,Darwin,__cached__,2000,20
268,4,GenuineIntel,2.9,x86_64,2339643392,1176240128,Darwin,__cached__,2000,500
269,4,GenuineIntel,2.9,x86_64,2339643392,1176240128,Darwin,__cached__,2000,2000
270,4,GenuineIntel,2.9,x86_64,2339643392,1176240128,Darwin,__doc__,20,20
271,4,GenuineIntel,2.9,x86_64,2339643392,1176240128,Darwin,__doc__,500,20
272,4,GenuineIntel,2.9,x86_64,2339643392,1176240128,Darwin,__doc__,500,500
273,4,GenuineIntel,2.9,x86_64,2339643392,1176240128,Darwin,__doc__,2000,20
274,4,GenuineIntel,2.9,x86_64,2339643392,1176240128,Darwin,__doc__,2000,500
275,4,GenuineIntel,2.9,x86_64,2339643392,1176240128,Darwin,__doc__,2000,2000
276,4,GenuineIntel,2.9,x86_64,2339643392,1176240128,Darwin,__file__,20,20
277,4,GenuineIntel,2.9,x86_64,2339643392,1176240128,Darwin,__file__,500,20
278,4,GenuineIntel,2.9,x86_64,2339643392,1176240128,Darwin,__file__,500,500
279,4,GenuineIntel,2.9,x86_64,2339643392,1176240128,Darwin,__file__,2000,20
280,4,GenuineIntel,2.9,x86_64,2339643392,1176240128,Darwin,__file__,2000,500
281,4,GenuineIntel,2.9,x86_64,2339643392,1176240128,Darwin,__file__,2000,2000
282,4,GenuineIntel,2.9,x86_64,2339643392,1176240128,Darwin,__loader__,20,20
283,4,GenuineIntel,2.9,x86_64,2339643392,1176240128,Darwin,__loader__,500,20
284,4,GenuineIntel,2.9,x86_64,2339643392,1176240128,Darwin,__loader__,500,500
285,4,GenuineIntel,2.9,x86_64,2339643392,1176240128,Darwin,__loader__,2000,20
286,4,GenuineIntel,2.9,x86_64,2339643392,1176240128,Darwin,__loader__,2000,500
287,4,GenuineIntel,2.9,x86_64,2339643392,1176240128,Darwin,__loader__,2000,2000
288,4,GenuineIntel,2.9,x86_64,2339643392,1176240128,Darwin,__name__,20,20
289,4,GenuineIntel,2.9,x86_64,2339643392,1176240128,Darwin,__name__,500,20
290,4,GenuineIntel,2.9,x86_64,2339643392,1176240128,Darwin,__name__,500,500
291,4,GenuineIntel,2.9,x86_64,2339643392,1176240128,Darwin,__name__,2000,20
292,4,GenuineIntel,2.9,x86_64,2339643392,1176240128,Darwin,__name__,2000,500
293,4,GenuineIntel,2.9,x86_64,2339643392,1176240128,Darwin,__name__,2000,2000
294,4,GenuineIntel,2.9,x86_64,2339643392,1176240128,Darwin,__package__,20,20
295,4,GenuineIntel,2.9,x86_64,2339643392,1176240128,Darwin,__package__,500,20
296,4,GenuineIntel,2.9,x86_64,2339643392,1176240128,Darwin,__package__,500,500
297,4,GenuineIntel,2.9,x86_64,2339643392,1176240128,Darwin,__package__,2000,20
298,4,GenuineIntel,2.9,x86_64,2339643392,1176240128,Darwin,__package__,2000,500
299,4,GenuineIntel,2.9,x86_64,2339643392,1176240128,Darwin,__package__,2000,2000
300,4,GenuineIntel,2.9,x86_64,2339643392,1176240128,Darwin,__path__,20,20
301,4,GenuineIntel,2.9,x86_64,2339643392,1176240128,Darwin,__path__,500,20
302,4,GenuineIntel,2.9,x86_64,2339643392,1176240128,Darwin,__path__,500,500
303,4,GenuineIntel,2.9,x86_64,2339643392,1176240128,Darwin,__path__,2000,20
304,4,GenuineIntel,2.9,x86_64,2339643392,1176240128,Darwin,__path__,2000,500
305,4,GenuineIntel,2.9,x86_64,2339643392,1176240128,Darwin,__path__,2000,2000
306,4,GenuineIntel,2.9,x86_64,2339643392,1176240128,Darwin,__spec__,20,20
307,4,GenuineIntel,2.9,x86_64,2339643392,1176240128,Darwin,__spec__,500,20
308,4,GenuineIntel,2.9,x86_64,2339643392,1176240128,Darwin,__spec__,500,500
309,4,GenuineIntel,2.9,x86_64,2339643392,1176240128,Darwin,__spec__,2000,20
310,4,GenuineIntel,2.9,x86_64,2339643392,1176240128,Darwin,__spec__,2000,500
311,4,GenuineIntel,2.9,x86_64,2339643392,1176240128,Darwin,__spec__,2000,2000
312,4,GenuineIntel,2.9,x86_64,2339643392,1176240128,Darwin,_base,20,20
313,4,GenuineIntel,2.9,x86_64,2339643392,1176240128,Darwin,_base,500,20
314,4,GenuineIntel,2.9,x86_64,2339643392,1176240128,Darwin,_base,500,500
315,4,GenuineIntel,2.9,x86_64,2339643392,1176240128,Darwin,_base,2000,20
316,4,GenuineIntel,2.9,x86_64,2339643392,1176240128,Darwin,_base,2000,500
317,4,GenuineIntel,2.9,x86_64,2339643392,1176240128,Darwin,_base,2000,2000
318,4,GenuineIntel,2.9,x86_64,2339643392,1176240128,Darwin,_bayes,20,20
319,4,GenuineIntel,2.9,x86_64,2339643392,1176240128,Darwin,_bayes,500,20
320,4,GenuineIntel,2.9,x86_64,2339643392,1176240128,Darwin,_bayes,500,500
321,4,GenuineIntel,2.9,x86_64,2339643392,1176240128,Darwin,_bayes,2000,20
322,4,GenuineIntel,2.9,x86_64,2339643392,1176240128,Darwin,_bayes,2000,500
323,4,GenuineIntel,2.9,x86_64,2339643392,1176240128,Darwin,_bayes,2000,2000
324,4,GenuineIntel,2.9,x86_64,2339643392,1176240128,Darwin,_cd_fast,20,20
325,4,GenuineIntel,2.9,x86_64,2339643392,1176240128,Darwin,_cd_fast,500,20
326,4,GenuineIntel,2.9,x86_64,2339643392,1176240128,Darwin,_cd_fast,500,500
327,4,GenuineIntel,2.9,x86_64,2339643392,1176240128,Darwin,_cd_fast,2000,20
328,4,GenuineIntel,2.9,x86_64,2339643392,1176240128,Darwin,_cd_fast,2000,500
329,4,GenuineIntel,2.9,x86_64,2339643392,1176240128,Darwin,_cd_fast,2000,2000
330,4,GenuineIntel,2.9,x86_64,2339643392,1176240128,Darwin,_coordinate_descent,20,20
331,4,GenuineIntel,2.9,x86_64,2339643392,1176240128,Darwin,_coordinate_descent,500,20
332,4,GenuineIntel,2.9,x86_64,2339643392,1176240128,Darwin,_coordinate_descent,500,500
333,4,GenuineIntel,2.9,x86_64,2339643392,1176240128,Darwin,_coordinate_descent,2000,20
334,4,GenuineIntel,2.9,x86_64,2339643392,1176240128,Darwin,_coordinate_descent,2000,500
335,4,GenuineIntel,2.9,x86_64,2339643392,1176240128,Darwin,_coordinate_descent,2000,2000
336,4,GenuineIntel,2.9,x86_64,2339643392,1176240128,Darwin,_glm,20,20
337,4,GenuineIntel,2.9,x86_64,2339643392,1176240128,Darwin,_glm,500,20
338,4,GenuineIntel,2.9,x86_64,2339643392,1176240128,Darwin,_glm,500,500
339,4,GenuineIntel,2.9,x86_64,2339643392,1176240128,Darwin,_glm,2000,20
340,4,GenuineIntel,2.9,x86_64,2339643392,1176240128,Darwin,_glm,2000,500
341,4,GenuineIntel,2.9,x86_64,2339643392,1176240128,Darwin,_glm,2000,2000
342,4,GenuineIntel,2.9,x86_64,2339643392,1176240128,Darwin,_huber,20,20
343,4,GenuineIntel,2.9,x86_64,2339643392,1176240128,Darwin,_huber,500,20
344,4,GenuineIntel,2.9,x86_64,2339643392,1176240128,Darwin,_huber,500,500
345,4,GenuineIntel,2.9,x86_64,2339643392,1176240128,Darwin,_huber,2000,20
346,4,GenuineIntel,2.9,x86_64,2339643392,1176240128,Darwin,_huber,2000,500
347,4,GenuineIntel,2.9,x86_64,2339643392,1176240128,Darwin,_huber,2000,2000
348,4,GenuineIntel,2.9,x86_64,2339643392,1176240128,Darwin,_least_angle,20,20
349,4,GenuineIntel,2.9,x86_64,2339643392,1176240128,Darwin,_least_angle,500,20
350,4,GenuineIntel,2.9,x86_64,2339643392,1176240128,Darwin,_least_angle,500,500
351,4,GenuineIntel,2.9,x86_64,2339643392,1176240128,Darwin,_least_angle,2000,20
352,4,GenuineIntel,2.9,x86_64,2339643392,1176240128,Darwin,_least_angle,2000,500
353,4,GenuineIntel,2.9,x86_64,2339643392,1176240128,Darwin,_least_angle,2000,2000
354,4,GenuineIntel,2.9,x86_64,2339643392,1176240128,Darwin,_linear_loss,20,20
355,4,GenuineIntel,2.9,x86_64,2339643392,1176240128,Darwin,_linear_loss,500,20
356,4,GenuineIntel,2.9,x86_64,2339643392,1176240128,Darwin,_linear_loss,500,500
357,4,GenuineIntel,2.9,x86_64,2339643392,1176240128,Darwin,_linear_loss,2000,20
358,4,GenuineIntel,2.9,x86_64,2339643392,1176240128,Darwin,_linear_loss,2000,500
359,4,GenuineIntel,2.9,x86_64,2339643392,1176240128,Darwin,_linear_loss,2000,2000
360,4,GenuineIntel,2.9,x86_64,2339643392,1176240128,Darwin,_logistic,20,20
361,4,GenuineIntel,2.9,x86_64,2339643392,1176240128,Darwin,_logistic,500,20
362,4,GenuineIntel,2.9,x86_64,2339643392,1176240128,Darwin,_logistic,500,500
363,4,GenuineIntel,2.9,x86_64,2339643392,1176240128,Darwin,_logistic,2000,20
364,4,GenuineIntel,2.9,x86_64,2339643392,1176240128,Darwin,_logistic,2000,500
365,4,GenuineIntel,2.9,x86_64,2339643392,1176240128,Darwin,_logistic,2000,2000
366,4,GenuineIntel,2.9,x86_64,2339643392,1176240128,Darwin,_omp,20,20
367,4,GenuineIntel,2.9,x86_64,2339643392,1176240128,Darwin,_omp,500,20
368,4,GenuineIntel,2.9,x86_64,2339643392,1176240128,Darwin,_omp,500,500
369,4,GenuineIntel,2.9,x86_64,2339643392,1176240128,Darwin,_omp,2000,20
370,4,GenuineIntel,2.9,x86_64,2339643392,1176240128,Darwin,_omp,2000,500
371,4,GenuineIntel,2.9,x86_64,2339643392,1176240128,Darwin,_omp,2000,2000
372,4,GenuineIntel,2.9,x86_64,2339643392,1176240128,Darwin,_passive_aggressive,20,20
373,4,GenuineIntel,2.9,x86_64,2339643392,1176240128,Darwin,_passive_aggressive,500,20
374,4,GenuineIntel,2.9,x86_64,2339643392,1176240128,Darwin,_passive_aggressive,500,500
375,4,GenuineIntel,2.9,x86_64,2339643392,1176240128,Darwin,_passive_aggressive,2000,20
376,4,GenuineIntel,2.9,x86_64,2339643392,1176240128,Darwin,_passive_aggressive,2000,500
377,4,GenuineIntel,2.9,x86_64,2339643392,1176240128,Darwin,_passive_aggressive,2000,2000
378,4,GenuineIntel,2.9,x86_64,2339643392,1176240128,Darwin,_perceptron,20,20
379,4,GenuineIntel,2.9,x86_64,2339643392,1176240128,Darwin,_perceptron,500,20
380,4,GenuineIntel,2.9,x86_64,2339643392,1176240128,Darwin,_perceptron,500,500
381,4,GenuineIntel,2.9,x86_64,2339643392,1176240128,Darwin,_perceptron,2000,20
382,4,GenuineIntel,2.9,x86_64,2339643392,1176240128,Darwin,_perceptron,2000,500
383,4,GenuineIntel,2.9,x86_64,2339643392,1176240128,Darwin,_perceptron,2000,2000
384,4,GenuineIntel,2.9,x86_64,2339643392,1176240128,Darwin,_quantile,20,20
385,4,GenuineIntel,2.9,x86_64,2339643392,1176240128,Darwin,_quantile,500,20
386,4,GenuineIntel,2.9,x86_64,2339643392,1176240128,Darwin,_quantile,500,500
387,4,GenuineIntel,2.9,x86_64,2339643392,1176240128,Darwin,_quantile,2000,20
388,4,GenuineIntel,2.9,x86_64,2339643392,1176240128,Darwin,_quantile,2000,500
389,4,GenuineIntel,2.9,x86_64,2339643392,1176240128,Darwin,_quantile,2000,2000
390,4,GenuineIntel,2.9,x86_64,2339643392,1176240128,Darwin,_ransac,20,20
391,4,GenuineIntel,2.9,x86_64,2339643392,1176240128,Darwin,_ransac,500,20
392,4,GenuineIntel,2.9,x86_64,2339643392,1176240128,Darwin,_ransac,500,500
393,4,GenuineIntel,2.9,x86_64,2339643392,1176240128,Darwin,_ransac,2000,20
394,4,GenuineIntel,2.9,x86_64,2339643392,1176240128,Darwin,_ransac,2000,500
395,4,GenuineIntel,2.9,x86_64,2339643392,1176240128,Darwin,_ransac,2000,2000
396,4,GenuineIntel,2.9,x86_64,2339643392,1176240128,Darwin,_ridge,20,20
397,4,GenuineIntel,2.9,x86_64,2339643392,1176240128,Darwin,_ridge,500,20
398,4,GenuineIntel,2.9,x86_64,2339643392,1176240128,Darwin,_ridge,500,500
399,4,GenuineIntel,2.9,x86_64,2339643392,1176240128,Darwin,_ridge,2000,20
400,4,GenuineIntel,2.9,x86_64,2339643392,1176240128,Darwin,_ridge,2000,500
401,4,GenuineIntel,2.9,x86_64,2339643392,1176240128,Darwin,_ridge,2000,2000
402,4,GenuineIntel,2.9,x86_64,2339643392,1176240128,Darwin,_sag,20,20
403,4,GenuineIntel,2.9,x86_64,2339643392,1176240128,Darwin,_sag,500,20
404,4,GenuineIntel,2.9,x86_64,2339643392,1176240128,Darwin,_sag,500,500
405,4,GenuineIntel,2.9,x86_64,2339643392,1176240128,Darwin,_sag,2000,20
406,4,GenuineIntel,2.9,x86_64,2339643392,1176240128,Darwin,_sag,2000,500
407,4,GenuineIntel,2.9,x86_64,2339643392,1176240128,Darwin,_sag,2000,2000
408,4,GenuineIntel,2.9,x86_64,2339643392,1176240128,Darwin,_sag_fast,20,20
409,4,GenuineIntel,2.9,x86_64,2339643392,1176240128,Darwin,_sag_fast,500,20
410,4,GenuineIntel,2.9,x86_64,2339643392,1176240128,Darwin,_sag_fast,500,500
411,4,GenuineIntel,2.9,x86_64,2339643392,1176240128,Darwin,_sag_fast,2000,20
412,4,GenuineIntel,2.9,x86_64,2339643392,1176240128,Darwin,_sag_fast,2000,500
413,4,GenuineIntel,2.9,x86_64,2339643392,1176240128,Darwin,_sag_fast,2000,2000
414,4,GenuineIntel,2.9,x86_64,2339643392,1176240128,Darwin,_sgd_fast,20,20
415,4,GenuineIntel,2.9,x86_64,2339643392,1176240128,Darwin,_sgd_fast,500,20
416,4,GenuineIntel,2.9,x86_64,2339643392,1176240128,Darwin,_sgd_fast,500,500
417,4,GenuineIntel,2.9,x86_64,2339643392,1176240128,Darwin,_sgd_fast,2000,20
418,4,GenuineIntel,2.9,x86_64,2339643392,1176240128,Darwin,_sgd_fast,2000,500
419,4,GenuineIntel,2.9,x86_64,2339643392,1176240128,Darwin,_sgd_fast,2000,2000
420,4,GenuineIntel,2.9,x86_64,2339643392,1176240128,Darwin,_stochastic_gradient,20,20
421,4,GenuineIntel,2.9,x86_64,2339643392,1176240128,Darwin,_stochastic_gradient,500,20
422,4,GenuineIntel,2.9,x86_64,2339643392,1176240128,Darwin,_stochastic_gradient,500,500
423,4,GenuineIntel,2.9,x86_64,2339643392,1176240128,Darwin,_stochastic_gradient,2000,20
424,4,GenuineIntel,2.9,x86_64,2339643392,1176240128,Darwin,_stochastic_gradient,2000,500
425,4,GenuineIntel,2.9,x86_64,2339643392,1176240128,Darwin,_stochastic_gradient,2000,2000
426,4,GenuineIntel,2.9,x86_64,2339643392,1176240128,Darwin,_theil_sen,20,20
427,4,GenuineIntel,2.9,x86_64,2339643392,1176240128,Darwin,_theil_sen,500,20
428,4,GenuineIntel,2.9,x86_64,2339643392,1176240128,Darwin,_theil_sen,500,500
429,4,GenuineIntel,2.9,x86_64,2339643392,1176240128,Darwin,_theil_sen,2000,20
430,4,GenuineIntel,2.9,x86_64,2339643392,1176240128,Darwin,_theil_sen,2000,500
431,4,GenuineIntel,2.9,x86_64,2339643392,1176240128,Darwin,_theil_sen,2000,2000
432,4,GenuineIntel,2.9,x86_64,2339643392,1176240128,Darwin,enet_path,20,20
433,4,GenuineIntel,2.9,x86_64,2339643392,1176240128,Darwin,enet_path,500,20
434,4,GenuineIntel,2.9,x86_64,2339643392,1176240128,Darwin,enet_path,500,500
435,4,GenuineIntel,2.9,x86_64,2339643392,1176240128,Darwin,enet_path,2000,20
436,4,GenuineIntel,2.9,x86_64,2339643392,1176240128,Darwin,enet_path,2000,500
437,4,GenuineIntel,2.9,x86_64,2339643392,1176240128,Darwin,enet_path,2000,2000
438,4,GenuineIntel,2.9,x86_64,2339643392,1176240128,Darwin,lars_path,20,20
439,4,GenuineIntel,2.9,x86_64,2339643392,1176240128,Darwin,lars_path,500,20
440,4,GenuineIntel,2.9,x86_64,2339643392,1176240128,Darwin,lars_path,500,500
441,4,GenuineIntel,2.9,x86_64,2339643392,1176240128,Darwin,lars_path,2000,20
442,4,GenuineIntel,2.9,x86_64,2339643392,1176240128,Darwin,lars_path,2000,500
443,4,GenuineIntel,2.9,x86_64,2339643392,1176240128,Darwin,lars_path,2000,2000
444,4,GenuineIntel,2.9,x86_64,2339643392,1176240128,Darwin,lars_path_gram,20,20
445,4,GenuineIntel,2.9,x86_64,2339643392,1176240128,Darwin,lars_path_gram,500,20
446,4,GenuineIntel,2.9,x86_64,2339643392,1176240128,Darwin,lars_path_gram,500,500
447,4,GenuineIntel,2.9,x86_64,2339643392,1176240128,Darwin,lars_path_gram,2000,20
448,4,GenuineIntel,2.9,x86_64,2339643392,1176240128,Darwin,lars_path_gram,2000,500
449,4,GenuineIntel,2.9,x86_64,2339643392,1176240128,Darwin,lars_path_gram,2000,2000
450,4,GenuineIntel,2.9,x86_64,2339643392,1176240128,Darwin,lasso_path,20,20
451,4,GenuineIntel,2.9,x86_64,2339643392,1176240128,Darwin,lasso_path,500,20
452,4,GenuineIntel,2.9,x86_64,2339643392,1176240128,Darwin,lasso_path,500,500
453,4,GenuineIntel,2.9,x86_64,2339643392,1176240128,Darwin,lasso_path,2000,20
454,4,GenuineIntel,2.9,x86_64,2339643392,1176240128,Darwin,lasso_path,2000,500
455,4,GenuineIntel,2.9,x86_64,2339643392,1176240128,Darwin,lasso_path,2000,2000
456,4,GenuineIntel,2.9,x86_64,2339643392,1176240128,Darwin,orthogonal_mp,20,20
457,4,GenuineIntel,2.9,x86_64,2339643392,1176240128,Darwin,orthogonal_mp,500,20
458,4,GenuineIntel,2.9,x86_64,2339643392,1176240128,Darwin,orthogonal_mp,500,500
459,4,GenuineIntel,2.9,x86_64,2339643392,1176240128,Darwin,orthogonal_mp,2000,20
460,4,GenuineIntel,2.9,x86_64,2339643392,1176240128,Darwin,orthogonal_mp,2000,500
461,4,GenuineIntel,2.9,x86_64,2339643392,1176240128,Darwin,orthogonal_mp,2000,2000
462,4,GenuineIntel,2.9,x86_64,2339643392,1176240128,Darwin,orthogonal_mp_gram,20,20
463,4,GenuineIntel,2.9,x86_64,2339643392,1176240128,Darwin,orthogonal_mp_gram,500,20
464,4,GenuineIntel,2.9,x86_64,2339643392,1176240128,Darwin,orthogonal_mp_gram,500,500
465,4,GenuineIntel,2.9,x86_64,2339643392,1176240128,Darwin,orthogonal_mp_gram,2000,20
466,4,GenuineIntel,2.9,x86_64,2339643392,1176240128,Darwin,orthogonal_mp_gram,2000,500
467,4,GenuineIntel,2.9,x86_64,2339643392,1176240128,Darwin,orthogonal_mp_gram,2000,2000
468,4,GenuineIntel,2.9,x86_64,2339643392,1176240128,Darwin,ridge_regression,20,20
469,4,GenuineIntel,2.9,x86_64,2339643392,1176240128,Darwin,ridge_regression,500,20
470,4,GenuineIntel,2.9,x86_64,2339643392,1176240128,Darwin,ridge_regression,500,500
471,4,GenuineIntel,2.9,x86_64,2339643392,1176240128,Darwin,ridge_regression,2000,20
472,4,GenuineIntel,2.9,x86_64,2339643392,1176240128,Darwin,ridge_regression,2000,500
473,4,GenuineIntel,2.9,x86_64,2339643392,1176240128,Darwin,ridge_regression,2000,2000
